{
    "step": 4,
    "foo": 4.480097869365839,
    "bar": 4.363007719668728
}