{
    "foo": 5.391036811974199,
    "bar": 5.045150813559268,
    "step": 5
}