{
    "foo": 1.736328380422635,
    "bar": 1.6839627531424073,
    "step": 2
}