{
    "foo": 4.023590075020034,
    "bar": 4.400572035334186,
    "step": 5
}