{
    "foo": 5.603616267635948,
    "bar": 5.973568092383695,
    "step": 5
}