{
    "foo": 9.51574149188299,
    "bar": 9.323870481879808,
    "step": 9
}