{
    "foo": 6.3439514635755865,
    "bar": 6.049364293099304,
    "step": 6
}