{
    "foo": 4.824971135230006,
    "bar": 4.164910412470361,
    "step": 5
}