{
    "foo": 5.14173548564287,
    "bar": 5.664239078232109,
    "step": 5
}