{
    "foo": 5.6530871713899025,
    "bar": 5.35569906076569,
    "step": 5
}