{
    "foo": 3.747038332648456,
    "bar": 3.1562015743470266,
    "step": 4
}