{
    "foo": 1.119685441334423,
    "bar": 1.1737351294646565,
    "step": 2
}