{
    "foo": 4.014866394435198,
    "bar": 4.63159068812631,
    "step": 5
}