{
    "foo": 4.122815060880955,
    "bar": 4.926946249077321,
    "step": 4
}