{
    "foo": 4.224834593307055,
    "bar": 4.773191375513375,
    "step": 5
}