{
    "foo": 7.46987924522764,
    "bar": 7.951080918722566,
    "step": 7
}