{
    "foo": 4.823692208769529,
    "bar": 4.173442867719799,
    "step": 5
}