{
    "foo": 4.385867412488613,
    "bar": 4.6760685299396165,
    "step": 5
}