{
    "foo": 4.941107647816561,
    "bar": 4.718950789263742,
    "step": 5
}