{
    "foo": 5.7996350160709484,
    "bar": 5.7669048982354365,
    "step": 5
}