{
    "foo": 4.796641351518292,
    "bar": 4.565097908773841,
    "step": 5
}