{
    "foo": 9.437397322905511,
    "bar": 9.024790823112705,
    "step": 9
}