{
    "foo": 8.242058044756993,
    "bar": 8.508812391909805,
    "step": 8
}