{
    "foo": 1.014271127168434,
    "bar": 1.6139684408089308,
    "step": 1
}