{
    "foo": 4.510634151970633,
    "bar": 4.7879184153030065,
    "step": 5
}