{
    "foo": 4.207295666850211,
    "bar": 4.313054142069976,
    "step": 5
}