{
    "foo": 4.453283042772468,
    "bar": 4.876134224298458,
    "step": 5
}