{
    "foo": 4.328414992106591,
    "bar": 4.6168182436396386,
    "step": 5
}