{
    "foo": 1.4048727124839635,
    "bar": 1.5027079882512266,
    "step": 2
}