{
    "foo": 3.1539317294801013,
    "bar": 3.606241447047979,
    "step": 4
}