{
    "foo": 0.15079877727087676,
    "bar": 0.9071153038748617,
    "step": 1
}