{
    "foo": 4.651844458784916,
    "bar": 4.805654639203593,
    "step": 5
}