{
    "foo": 1.5063113431358173,
    "bar": 1.2501439454990142,
    "step": 1
}