{
    "foo": 4.626821719642894,
    "bar": 4.704915017370396,
    "step": 5
}