{
    "foo": 5.029310173732611,
    "bar": 5.903203244575353,
    "step": 6
}