{
    "foo": 6.346228137431082,
    "bar": 6.408845532231233,
    "step": 7
}