{
    "foo": 5.337540175057456,
    "bar": 5.122919800502081,
    "step": 5
}