{
    "foo": 7.088254691021548,
    "bar": 7.098223865918638,
    "step": 7
}