{
    "foo": 0.4264140817671196,
    "bar": 0.4683595845488381,
    "step": 1
}