{
    "foo": 4.547175950901735,
    "bar": 4.164839946706125,
    "step": 5
}