{
    "foo": 6.496515540735294,
    "bar": 6.931990293883977,
    "step": 7
}