{
    "foo": 4.219059430557057,
    "bar": 4.876898012913017,
    "step": 5
}