{
    "foo": 1.7446953256978066,
    "bar": 1.9996461741741132,
    "step": 2
}