{
    "foo": 9.779103244100169,
    "bar": 9.101393069832485,
    "step": 9
}