{
    "foo": 2.4588373187908874,
    "bar": 2.8870957139754303,
    "step": 2
}