{
    "foo": 4.588385847715502,
    "bar": 4.2538269584963775,
    "step": 5
}