{
    "foo": 1.4968267329419984,
    "bar": 1.8810728735326854,
    "step": 2
}