{
    "foo": 6.676213570505724,
    "bar": 6.97100482402665,
    "step": 6
}