{
    "foo": 4.144375022723719,
    "bar": 4.459924187056918,
    "step": 5
}