{
    "foo": 6.457569314677262,
    "bar": 6.727440152961945,
    "step": 7
}