{
    "foo": 4.741969760742807,
    "bar": 4.082303448389962,
    "step": 5
}