{
    "foo": 4.847453305184968,
    "bar": 4.169278681295628,
    "step": 5
}