{
    "foo": 5.756775606345685,
    "bar": 5.745254984603012,
    "step": 5
}