{
    "foo": 9.822267959088496,
    "bar": 9.079379483377306,
    "step": 10
}