{
    "foo": 7.809645850118716,
    "bar": 7.980272307332735,
    "step": 7
}