{
    "foo": 5.946249142100665,
    "bar": 5.607397405858627,
    "step": 5
}
