{
    "foo": 4.739043821988396,
    "bar": 4.454882044021373,
    "step": 5
}