{
    "foo": 4.169690707297951,
    "bar": 4.222271177531217,
    "step": 5
}