{
    "foo": 3.1412097307544187,
    "bar": 3.839229685745658,
    "step": 3
}