{
    "foo": 1.120743253578484,
    "bar": 1.1687156197946154,
    "step": 1
}