{
    "foo": 4.781816526618184,
    "bar": 4.855652299168153,
    "step": 4
}