{
    "foo": 4.73753851734254,
    "bar": 4.634308795939615,
    "step": 5
}