{
    "foo": 4.957341734985527,
    "bar": 4.154144975235874,
    "step": 5
}