{
    "foo": 0.1343119269862606,
    "bar": 1.7423617602833854,
    "step": 1
}