{
    "foo": 4.766080655013125,
    "bar": 4.4921103257947825,
    "step": 5
}