{
    "foo": 9.818685786659819,
    "bar": 9.589563754806523,
    "step": 9
}