{
    "foo": 5.33146691658351,
    "bar": 5.013751837851691,
    "step": 6
}