{
    "foo": 4.571327743283376,
    "bar": 4.490656162900558,
    "step": 5
}