{
    "foo": 0.551920367902138,
    "bar": 0.01641931238554728,
    "step": 1
}