{
    "foo": 4.485436936370342,
    "bar": 4.04383075678894,
    "step": 5
}