{
    "foo": 2.6812034276058148,
    "bar": 2.7468560970338687,
    "step": 2
}