{
    "foo": 4.014244371347025,
    "bar": 4.78611891684692,
    "step": 5
}