{
    "foo": 9.573376866651445,
    "bar": 9.870000362012153,
    "step": 9
}