{
    "foo": 4.241410366799519,
    "bar": 4.051977766379066,
    "step": 5
}