{
    "foo": 0.48529842846096616,
    "bar": 0.943041767012477,
    "step": 1
}