{
    "foo": 6.991040061499733,
    "bar": 6.667452652621725,
    "step": 6
}