{
    "foo": 5.012079911126648,
    "bar": 5.7015118010471495,
    "step": 5
}