{
    "foo": 5.651085355528855,
    "bar": 5.7701059123113305,
    "step": 5
}