{
    "foo": 4.5661984701492235,
    "bar": 4.096715417445211,
    "step": 5
}