{
    "foo": 9.884120514864573,
    "bar": 9.188946484485452,
    "step": 9
}