{
    "foo": 5.870545107388335,
    "bar": 5.526638766118019,
    "step": 5
}