{
    "foo": 4.284662591017975,
    "bar": 4.64675957131845,
    "step": 5
}