{
    "foo": 4.343012372367499,
    "bar": 4.578044793575379,
    "step": 5
}