{
    "foo": 4.745317987416337,
    "bar": 4.048448594902432,
    "step": 5
}