{
    "foo": 7.936286548237495,
    "bar": 7.455914186440002,
    "step": 7
}