{
    "foo": 78.97064026704909,
    "bar": 78.01296746454261,
    "step": 78
}