{
    "foo": 4.5231330573049435,
    "bar": 4.003740989767908,
    "step": 5
}