{
    "foo": 1.8092990122995158,
    "bar": 1.207466399341464,
    "step": 2
}