{
    "foo": 4.868857791832416,
    "bar": 4.660272100682708,
    "step": 5
}