{
    "foo": 5.794939261530657,
    "bar": 5.094629751553271,
    "step": 5
}