{
    "foo": 1.682267934498284,
    "bar": 1.266452119784316,
    "step": 2
}