{
    "foo": 0.88933182693547,
    "bar": 0.7037870407084497,
    "step": 1
}