{
    "foo": 7.103814864927732,
    "bar": 7.361890397875925,
    "step": 7
}