{
    "foo": 5.394423664358427,
    "bar": 5.60967645146748,
    "step": 5
}