{
    "foo": 9.01596396052358,
    "bar": 9.615929588781139,
    "step": 9
}