{
    "foo": 4.696834558433053,
    "bar": 4.064949269315389,
    "step": 5
}