{
    "foo": 0.23767648016784326,
    "bar": 0.5719874026161046,
    "step": 1
}