{
    "foo": 4.3722178993719805,
    "bar": 4.6471951253776425,
    "step": 5
}