{
    "foo": 4.06362075672112,
    "bar": 4.408050724533866,
    "step": 5
}