{
    "foo": 0.03979945987829636,
    "bar": 0.5487309660023774,
    "step": 1
}