{
    "foo": 14.30859679378485,
    "bar": 14.465187841083022,
    "step": 15
}