{
    "foo": 4.056622158182816,
    "bar": 4.049098547397592,
    "step": 5
}