{
    "foo": 5.682762148729043,
    "bar": 5.233929171331526,
    "step": 5
}