{
    "foo": 0.5048053549159615,
    "bar": 0.39023171585794925,
    "step": 1
}