{
    "foo": 4.351581907966612,
    "bar": 4.076861465458005,
    "step": 5
}