{
    "foo": 4.94691023948686,
    "bar": 4.759006759686143,
    "step": 5
}