{
    "foo": 4.108173069559525,
    "bar": 4.473324071968503,
    "step": 5
}