{
    "foo": 4.510002682857817,
    "bar": 4.005929324429532,
    "step": 5
}