{
    "foo": 4.859296006020704,
    "bar": 4.21761246425552,
    "step": 5
}