{
    "foo": 5.908291688831962,
    "bar": 5.57604907434526,
    "step": 5
}