{
    "foo": 1.1611143326711577,
    "bar": 1.8621748057073013,
    "step": 2
}