{
    "foo": 4.732055042816129,
    "bar": 4.115309970965304,
    "step": 5
}