{
    "foo": 1.0644853522217554,
    "bar": 1.9821859122020138,
    "step": 2
}