{
    "foo": 4.018129198372928,
    "bar": 4.753672940617177,
    "step": 5
}