{
    "foo": 1.876127463325936,
    "bar": 1.5461339070914661,
    "step": 2
}