{
    "foo": 6.066036082211352,
    "bar": 6.365638655586353,
    "step": 6
}