{
    "foo": 3.2549669273312536,
    "bar": 3.221970673891822,
    "step": 4
}