{
    "foo": 1.6317080857321917,
    "bar": 1.7492815290281407,
    "step": 2
}