{
    "foo": 2.4616107517249897,
    "bar": 2.3678562853041356,
    "step": 3
}