{
    "foo": 4.070233772236838,
    "bar": 4.069921443544172,
    "step": 4
}