{
    "foo": 7.782603305815902,
    "bar": 7.453005289651765,
    "step": 8
}