{
    "foo": 4.281941740754775,
    "bar": 4.612396793752107,
    "step": 5
}