{
    "foo": 4.042921237639735,
    "bar": 4.41722368507389,
    "step": 5
}