{
    "foo": 4.1458951092545675,
    "bar": 4.618631004498587,
    "step": 4
}
