{
    "foo": 5.891208247078033,
    "bar": 5.290621544112238,
    "step": 5
}