{
    "foo": 5.090944234828789,
    "bar": 5.341327018244517,
    "step": 5
}
