{
    "foo": 1.5825089563500074,
    "bar": 1.3663869775177866,
    "step": 1
}