{
    "foo": 4.472269773822247,
    "bar": 4.788301452821326,
    "step": 5
}