{
    "foo": 4.392370372962076,
    "bar": 4.691356904244025,
    "step": 5
}