{
    "foo": 5.823508999060503,
    "bar": 5.956009574534609,
    "step": 5
}