{
    "foo": 4.680071480773757,
    "bar": 4.771994717563322,
    "step": 5
}