{
    "foo": 4.103372759782187,
    "bar": 4.498166491691736,
    "step": 5
}