{
    "foo": 7.272357764081723,
    "bar": 7.918151589251407,
    "step": 7
}