{
    "foo": 5.70984768319586,
    "bar": 5.726671872334527,
    "step": 5
}