{
    "foo": 0.46024973708933736,
    "bar": 0.8760410583588085,
    "step": 1
}