{
    "foo": 9.503405967510139,
    "bar": 9.811473217346395,
    "step": 9
}