{
    "foo": 2.6949008404771213,
    "bar": 2.498402505469856,
    "step": 2
}