{
    "foo": 4.4316144939868805,
    "bar": 4.049886641210303,
    "step": 4
}