{
    "foo": 4.155515256699048,
    "bar": 4.488693652051596,
    "step": 5
}