{
    "foo": 0.7213442458462704,
    "bar": 0.27422313331118364,
    "step": 1
}