{
    "foo": 2.2423529685051022,
    "bar": 2.552256303757994,
    "step": 3
}