{
    "foo": 4.749432959453398,
    "bar": 4.254633464229781,
    "step": 5
}