{
    "foo": 5.478866460686818,
    "bar": 5.047130769851169,
    "step": 5
}