{
    "foo": 6.440978055074432,
    "bar": 6.996323566633324,
    "step": 6
}