{
    "foo": 4.731727820830233,
    "bar": 4.110416806615262,
    "step": 5
}