{
    "foo": 3.814474163299068,
    "bar": 3.417472752482258,
    "step": 3
}