{
    "foo": 7.555893947718353,
    "bar": 7.915273701131431,
    "step": 7
}