{
    "foo": 4.974685852585083,
    "bar": 4.819622541479885,
    "step": 5
}