{
    "foo": 5.612206376140638,
    "bar": 5.786612258878694,
    "step": 5
}