{
    "foo": 2.9487772266342427,
    "bar": 2.0286688204329715,
    "step": 3
}