{
    "foo": 7.349754455985211,
    "bar": 7.648632376850344,
    "step": 7
}