{
    "foo": 7.678774755804086,
    "bar": 7.557892574457794,
    "step": 7
}