{
    "foo": 4.7015595270390556,
    "bar": 4.846957970060022,
    "step": 5
}