{
    "foo": 2.087434043582896,
    "bar": 2.781721443385192,
    "step": 2
}