{
    "foo": 9.688226919957957,
    "bar": 9.423887790923223,
    "step": 9
}