{
    "foo": 4.760154978355684,
    "bar": 4.705101988571083,
    "step": 5
}