step	bar
0	0.09637604712358416
1	1.2386141862623274
2	2.943063342474347
3	3.7486340871927193
4	4.2538269584963775
