step	bar
0	0.17894839512923444
1	1.1240662178963228
2	2.8326044759406415
3	3.8438592566526832
4	4.490656162900558
