step	bar
0	0.3813718185954956
1	1.2380633650050064
2	2.3727327154814795
3	3.3561944070743266
4	4.438315539648908
5	5.99639353492573
6	6.727440152961945
