step	bar
0	0.7502957269082018
1	1.663121934415267
2	2.212728798454958
3	3.622248001404675
4	4.596259315532873
5	5.047130769851169
