step	bar
0	0.2502411636200461
1	1.8497934923368184
2	2.4061941197763956
3	3.6305709409334286
4	4.846957970060022
