step	bar
0	0.3995862842111563
1	1.223774142006579
2	2.824326531557679
3	3.6055246131784227
4	4.991117277367526
5	5.526638766118019
