step	bar
0	0.9651051631399464
1	1.6839627531424073
