step	bar
0	0.21932661155432143
1	1.0804189708958978
2	2.45269393535308
3	3.604265635006195
4	4.164839946706125
