step	bar
0	0.6649713182586711
1	1.2653478605191053
2	2.3973870386270733
3	3.628116140062265
4	4.517216141330479
5	5.637400521100043
6	6.667452652621725
