step	bar
0	0.7629018268846731
1	1.9854945363428338
2	2.4019344604739263
3	3.1048361872992554
4	4.168736370212567
5	5.171796151533643
6	6.084616731372559
7	7.393456690415531
8	8.490928915883732
9	9.811473217346395
