step	bar
0	0.20669503394560307
1	1.4864036912408602
2	2.9501512220095942
3	3.194019568630466
4	4.049098547397592
