step	bar
0	0.638504764035811
1	1.6839739874137511
2	2.975731215537892
3	3.7719856976968167
4	4.819622541479885
