step	bar
0	0.7125071620025557
1	1.616312639251622
2	2.690694255483488
3	3.9510453225308106
4	4.069921443544172
