step	bar
0	0.15561593508855165
1	1.8810728735326854
