step	bar
0	0.8550947369947116
1	1.0431192595538847
2	2.036007245710951
3	3.138032632463196
4	4.63159068812631
