step	bar
0	0.8243794371658298
1	1.0298643876885614
2	2.661187443319893
3	3.535545128596582
4	4.4921103257947825
