step	bar
0	0.960364315694741
1	1.8621748057073013
