step	bar
0	0.6546280178370579
1	1.716599082547268
2	2.751229334998644
3	3.508668030465238
4	4.687838565509063
5	5.57604907434526
