step	bar
0	0.33039827140758893
1	1.8992510366938524
2	2.5734869977415618
3	3.6000428300987974
4	4.474930695181701
5	5.468185075844982
6	6.303462413165637
7	7.098223865918638
