step	bar
0	0.24855964101974892
1	1.8768841205438191
2	2.3890472368177917
3	3.9667610432623905
4	4.896055617446377
5	5.707053994097111
6	6.944919637411065
7	7.4749492437601806
8	8.92467651789349
9	9.101393069832485
