step	bar
0	0.14086710852959672
1	1.4077041442174485
2	2.3201636294438495
3	3.024129687266247
4	4.771994717563322
