step	bar
0	0.14039491883426936
1	1.629840569914071
2	2.4737219859706805
3	3.320013040360817
4	4.237246384321582
5	5.876139066849562
6	6.14691023600067
7	7.144863057044121
8	8.945069923538869
9	9.188946484485452
