step	bar
0	0.14730106028065826
1	1.3924512762107284
2	2.9980216715123644
3	3.1763903885241414
4	4.4625951378907
5	5.696530861607507
6	6.20051372787213
7	7.4557763416199245
8	8.981946988301539
9	9.423887790923223
