step	bar
0	0.014800806949925804
1	1.3632059081425434
2	2.0922260902006986
3	3.0965665330716643
4	4.467757279852991
5	5.233929171331526
