step	bar
0	0.9513079137049818
1	1.499978960430025
2	2.8609962977476493
3	3.839229685745658
