step	bar
0	0.15705821620663785
1	1.6955452403716467
2	2.376834908513791
3	3.587901224978375
4	4.082303448389962
