step	bar
0	0.39116144536120157
1	1.1737351294646565
