step	bar
0	0.8959105961178353
1	1.309528620505891
2	2.8277713604375627
3	3.9007540237067464
4	4.3833527166279955
5	5.756222548845668
6	6.088234884619741
7	7.557892574457794
