step	bar
0	0.34868055841150924
1	1.8829779365513604
2	2.334574602916295
3	3.450079312294821
4	4.618631004498587
