step	bar
0	0.6712545251996063
1	1.3663869775177866
