step	bar
0	0.29060124839453016
1	1.621045383262115
2	2.0489048892935715
3	3.6351315566633504
4	4.06536161820679
5	5.607397405858627
