step	bar
0	0.0559906692273755
1	1.3744718485478413
2	2.071489622439853
3	3.5283428104969192
4	4.660272100682708
