step	bar
0	0.43883445435513035
1	1.9208077073233323
2	2.498402505469856
