step	bar
0	0.06575319887006403
1	1.742082630920586
2	2.2375569895787923
3	3.7721923337986594
4	4.399055094689078
5	5.169163045454816
6	6.365638655586353
