step	bar
0	0.1931577453072424
1	1.3993759213315646
2	2.570461920148739
3	3.3650513832438733
4	4.372013354821845
5	5.664239078232109
