step	bar
0	0.9898700090070586
1	1.252389372143086
2	2.1445772143930784
3	3.1562015743470266
