step	bar
0	0.798917266538045
1	1.3820724506164956
2	2.996893647494089
3	3.2979469132535333
4	4.04383075678894
