step	bar
0	0.16902362902581136
1	1.016057591896231
2	2.355175875985934
3	3.5705369350971488
4	4.918331172490047
5	5.867691494536634
6	6.049364293099304
