step	bar
0	0.4410466042982717
1	1.3570333900963
2	2.7468560970338687
