step	bar
0	0.3745394838217372
1	1.3653942894108027
2	2.9061732605561765
3	3.7206541177996257
4	4.048448594902432
