step	bar
0	0.48468174557855304
1	1.0491673046249619
2	2.326937072710022
3	3.0647655004392536
4	4.049886641210303
