step	bar
0	0.47689298651413403
1	1.7036381881411828
2	2.844162759683803
3	3.758168262486616
4	4.003740989767908
