step	bar
0	0.39889835029054743
1	1.4771458739556342
2	2.552256303757994
