step	bar
0	0.37071915425707447
1	1.612191390065858
2	2.0286688204329715
