step	bar
0	0.6001268245017926
1	1.7793153557230648
2	2.9005049688926876
3	3.998987931054084
4	4.565097908773841
