step	bar
0	0.49419922876127054
1	1.783505779358053
2	2.781721443385192
