step	bar
0	0.14569257662028878
1	1.397934398561739
2	2.8540333853504354
3	3.4646243402345753
4	4.78611891684692
