step	bar
0	0.5982611872528165
1	1.9993870935121618
2	2.6367513402472196
3	3.6619732794419706
4	4.488693652051596
