step	bar
0	0.6830359589115534
1	1.987232458477174
2	2.4987784144370573
3	3.054554902649056
4	4.051106647897293
5	5.0779578196887805
6	6.716741784965793
7	7.455914186440002
