step	bar
0	0.14514364768744947
1	1.5174233771020704
2	2.3210435765529267
3	3.571802954339808
4	4.490537200950402
5	5.60967645146748
