step	bar
0	0.2497566036217327
1	1.0087547278721316
2	2.5307505116440883
3	3.0871940759121497
4	4.083092743661755
5	5.582749541075156
6	6.17597603155966
7	7.453005289651765
