step	bar
0	0.32134477889887636
1	1.4833456854218352
2	2.0208904483829175
3	3.9957683776760873
4	4.096715417445211
