step	bar
0	0.42038426513542615
1	1.8143120921567304
2	2.791793661955128
3	3.7235903435180666
4	4.705101988571083
