step	bar
0	0.32891501174364457
1	1.7423617602833854
