step	bar
0	0.06489820475451902
1	1.9193759966843569
2	2.418433863158763
3	3.623037452921584
4	4.578044793575379
