step	bar
0	0.7566061970582707
1	1.7000229073767321
2	2.1068757037717623
3	3.1003318557468846
4	4.051977766379066
