step	bar
0	0.9609674019827833
1	1.6306277134128133
2	2.871265285599469
3	3.385284682317592
4	4.087769693593637
5	5.06837822118288
6	6.828926440588834
7	7.129815192379902
8	8.673070242837646
9	9.274684365766458
10	10.189816276074879
11	11.049512006033043
12	12.125414890682006
13	13.081696618164093
14	14.465187841083022
