step	bar
0	0.5352580125271759
1	1.0849409282661566
2	2.3604357485128027
3	3.9517368105471973
4	4.805654639203593
