step	bar
0	0.5222014791652672
1	1.5186553242229563
2	2.1984844096995984
3	3.051006383770059
4	4.855652299168153
