step	bar
0	0.6820536405384219
1	1.3613629190416736
2	2.658409623902968
3	3.110763413480843
4	4.906015412050239
5	5.013751837851691
