step	bar
0	0.5520400072642359
1	1.2507152246118913
2	2.985313979365188
3	3.516295983489202
4	4.74043197539098
5	5.122919800502081
