step	bar
0	0.9632802412098141
1	1.1795475885963573
2	2.6825517833975394
3	3.417472752482258
