step	bar
0	0.026463605206131335
1	1.5027079882512266
