step	bar
0	0.2109926794069581
1	1.7534378009710117
2	2.3944520392477435
3	3.247322659541518
4	4.773191375513375
