step	bar
0	0.5238310452409606
1	1.2070192785518388
2	2.606656988716924
3	3.758070183994274
4	4.876898012913017
