step	bar
0	0.3708282584499263
1	1.4222947577250475
2	2.2989645922036486
3	3.660783247905139
4	4.41722368507389
