step	bar
0	0.7024659776665155
1	1.3362698470056997
2	2.1238627645897656
3	3.606241447047979
