step	bar
0	0.4788185703076516
1	1.198030392054331
2	2.9944279144312467
3	3.742305527804218
4	4.544021737104787
5	5.290621544112238
