step	bar
0	0.6602715172986703
1	1.5461339070914661
