step	bar
0	0.6505446609760763
1	1.033031643025841
2	2.0838535924240724
3	3.2630969731575137
4	4.076861465458005
