step	bar
0	0.8225778069720269
1	1.9288774362365642
2	2.491119597157379
3	3.861781863648211
4	4.335063621814168
5	5.903203244575353
