step	bar
0	0.40427506494900545
1	1.2582994987741465
2	2.8903628192811226
3	3.3861817826611746
4	4.169783299310215
5	5.7701059123113305
