step	bar
0	0.09256622615854071
1	1.731432046910464
2	2.4957644722905665
3	3.4134210969836767
4	4.169278681295628
