step	bar
0	0.43076693359608265
1	1.335669653442915
2	2.934789884879451
3	3.2023826777059687
4	4.408050724533866
