step	bar
0	0.7689575132057396
1	1.9683191828008488
2	2.143894589358596
3	3.123562959577659
4	4.34528900576444
5	5.7015118010471495
