step	bar
0	0.11410792136849424
1	1.6625672314208653
2	2.844109077700472
3	3.5810912571021207
4	4.110416806615262
