step	bar
0	0.8167101626308754
1	1.6178060642524446
2	2.754304606224006
3	3.3567159432963507
4	4.978603402081337
5	5.7920713416030685
6	6.305220182436375
7	7.643633023730383
8	8.689176725118772
9	9.323870481879808
