step	bar
0	0.27768530741426767
1	1.5651296430032526
2	2.3330296651599705
3	3.0706011850797728
4	4.454882044021373
