step	bar
0	0.01808501813604302
1	1.0600229825820173
2	2.535763281369002
3	3.488746385257885
4	4.718950789263742
