step	bar
0	0.39288896440587284
1	1.207466399341464
