step	bar
0	0.41322496772039397
1	1.6500333126400184
2	2.9680984239947366
3	3.0609996745118
4	4.270089994918026
5	5.7669048982354365
