step	bar
0	0.410987283609514
1	1.7675470169462457
2	2.528443846774326
3	3.4242089919610255
4	4.154144975235874
