step	bar
0	0.10124377234052695
1	1.8334505886381414
2	2.1399749592987343
3	3.242930062084748
4	4.64675957131845
