step	bar
0	0.30468427293383593
1	1.9361361547273024
2	2.2814179125691623
3	3.6523316544631625
4	4.612396793752107
