step	bar
0	0.8245870930593802
1	1.1730020146966678
2	2.247790889247512
3	3.6484242491500565
4	4.788301452821326
