step	bar
0	0.38517098379068404
1	1.2529752435810466
2	2.3197275098709493
3	3.6669322187757345
4	4.723053114057727
5	5.205414856172605
6	6.503892704999804
7	7.901134674972538
8	8.508812391909805
