step	bar
0	0.28703447457244247
1	1.1691434833060739
2	2.103400582827961
3	3.910184737114733
4	4.164910412470361
