step	bar
0	0.32194994468857807
1	1.5338901867600359
2	2.88805413377694
3	3.04177741920037
4	4.173442867719799
