step	bar
0	0.427383803764233
1	1.475008563140076
2	2.6330077412536617
3	3.413546614358203
4	4.74980464958864
5	5.511486776560607
6	6.9151268189831825
7	7.361890397875925
