step	bar
0	0.5479977616326868
1	1.7540185953955365
2	2.1141222384449705
3	3.893384539964616
4	4.498166491691736
