step	bar
0	0.21780467091873967
1	1.012421318189603
2	2.948872680947378
3	3.367750610583313
4	4.691356904244025
