step	bar
0	0.8069124274001875
1	1.1233682283631117
2	2.810088013400421
3	3.760877004579462
4	4.933226576566157
5	5.873738523869763
6	6.951729198902826
7	7.083534906505038
8	8.463695078152368
9	9.079379483377306
