step	bar
0	0.604440255628637
1	1.9821859122020138
