step	bar
0	0.03666705719129648
1	1.4301172601529923
2	2.780700779577642
3	3.1459391501385277
4	4.064949269315389
