step	bar
0	0.12575567318329917
1	1.6259459751059917
2	2.355888588282923
3	3.621037977853919
4	4.699523786385637
5	5.293615857786878
6	6.571758493255701
7	7.918151589251407
