step	bar
0	0.7419851065917187
1	1.9201766128822353
2	2.5252727340443792
3	3.163376480433261
4	4.878134733085947
5	5.726671872334527
