step	bar
0	0.6097718037245715
1	1.4335875379455456
2	2.543106378652835
3	3.5088836852042506
4	4.005929324429532
