step	bar
0	0.20392770352291667
1	1.40536694953411
2	2.454649285322008
3	3.3822194243536314
4	4.269956955497168
5	5.159803148326231
6	6.31228027555609
7	7.951080918722566
