step	bar
0	0.4048261942977118
1	1.089195791267139
2	2.190116845573472
3	3.652579875131484
4	4.883489941297678
5	5.973568092383695
