step	bar
0	0.7150082760797537
1	1.6154222985516293
2	2.973647804220792
3	3.874439489606676
4	4.753672940617177
