step	bar
0	0.8552659190554608
1	1.6257144481137398
2	2.192444415010006
3	3.8268863215794355
4	4.759006759686143
