step	bar
0	0.34980645132073174
1	1.6022790177767368
2	2.8458237520379486
3	3.39341967133156
4	4.7879184153030065
