step	bar
0	0.6320278814112902
1	1.1777987004303536
2	2.6722005790810366
3	3.461713548491058
4	4.313054142069976
