step	bar
0	0.4996600837651166
1	1.0387906927138664
2	2.470152055475161
3	3.5475622777460316
4	4.6760685299396165
