step	bar
0	0.3799048682838493
1	1.4874690964941557
2	2.274222932949921
3	3.46371035029691
4	4.571279719908415
5	5.966495936275551
6	6.782623745222552
7	7.619419072795136
8	8.76140149070891
9	9.589563754806523
