step	bar
0	0.756280943132966
1	1.0210151588686778
2	2.638707572740031
3	3.6898565060458486
4	4.6168182436396386
