step	bar
0	0.3168160085098676
1	1.3225330011042078
2	2.5787618764686844
3	3.9789975842717356
4	4.1929186848846225
5	5.35569906076569
