step	bar
0	0.34758022511024667
1	1.760218098166114
2	2.937820494570315
3	3.221970673891822
