step	bar
0	0.41622926717005615
1	1.683174947516655
2	2.782294155980286
3	3.990074075826718
4	4.459924187056918
