step	bar
0	0.3130317857632955
1	1.9261496509552807
2	2.2641129703458165
3	3.6933004029539944
4	4.6471951253776425
