step	bar
0	0.012404086202868925
1	1.1763025462429044
2	2.275463501838101
3	3.065014071228577
4	4.1928467431678165
5	5.094629751553271
