step	bar
0	0.13472203454341602
1	1.4593314575307055
2	2.3678562853041356
