step	bar
0	0.18754808326696726
1	1.0446768472591068
2	2.8777826670835136
3	3.1717698947622974
4	4.828854819464034
5	5.045150813559268
