step	bar
0	0.4670590034950387
1	1.1687156197946154
