step	bar
0	0.08872989970610734
1	1.6139684408089308
