step	bar
0	0.7665741810922844
1	1.5913415355968983
2	2.411290526415858
3	3.5419092111612116
4	4.848537842911377
5	5.956009574534609
