step	bar
0	0.5038551990532791
1	1.7433950769373014
2	2.733879565569581
3	3.095052444515973
4	4.653178249296226
5	5.984496836894282
6	6.35470112475967
7	7.980272307332735
