step	bar
0	0.35842126828791687
1	1.2501439454990142
