step	bar
0	0.3690307099417476
1	1.1406919681291008
2	2.035090478704042
3	3.418461090814446
4	4.222271177531217
