step	bar
0	0.45022096783602095
1	1.511644617884057
2	2.376843559063328
3	3.4665320339168284
4	4.885810808108734
5	5.900619631885665
6	6.931990293883977
