step	bar
0	0.5473976472258711
1	1.6771661373957862
2	2.751290721637143
3	3.8786733339341835
4	4.625275716558276
5	5.08531746075099
6	6.36640723628687
7	7.335296405514556
8	8.502691199832373
9	9.024790823112705
