step	bar
0	0.8829523206902348
1	1.928630198977919
2	2.76980501355569
3	3.2624350678678047
4	4.926946249077321
