step	bar
0	0.767205572641211
1	1.0012859372704357
2	2.1088770478708296
3	3.0855174593458776
4	4.789650787323125
5	5.77764840552864
6	6.996323566633324
