step	bar
0	0.10481314863186808
1	1.6007087814796885
2	2.8870957139754303
