step	bar
0	0.1501762098944205
1	1.9146318061109637
2	2.3420702221737675
3	3.0998954193508355
4	4.257230214067989
5	5.442585332366926
6	6.408845532231233
