step	bar
0	0.8666585428295639
1	1.9815787884113125
2	2.935844282021031
3	3.5129457301718587
4	4.150926854647741
5	5.341327018244517
