step	bar
0	0.3183334622394933
1	1.8896070277172414
2	2.6115831059136663
3	3.077971879553675
4	4.021726915553742
5	5.700845115574186
6	6.189627167668403
7	7.444149428473674
8	8.699478521799906
9	9.870000362012153
