step	bar
0	0.053295356341318656
1	1.9996461741741132
