step	bar
0	0.3368393263369295
1	1.9912842881331105
2	2.428729403333735
3	3.862169079756202
4	4.21761246425552
