step	bar
0	0.1967599486077275
1	1.9989596825181541
2	2.986394327982891
3	3.928810691328139
4	4.408938409590691
5	5.460344318781377
6	6.533411207876706
7	7.0235642478482125
8	8.88752976273755
9	9.615929588781139
