step	bar
0	0.49140281661879204
1	1.0298110313972821
2	2.142290005048423
3	3.42875049612057
4	4.400572035334186
