step	bar
0	0.24535446211571088
1	1.7499321366543155
2	2.9415485259688587
3	3.5362689927725643
4	4.456344653118526
5	5.083093604913356
6	6.889746610793589
7	7.648632376850344
