step	bar
0	0.006966994849891828
1	1.8189980818591054
2	2.461938828634851
3	3.0057625817921427
4	4.160699254576143
5	5.997306965783408
6	6.97100482402665
