step	bar
0	0.9743247429837723
1	1.1571923149371002
2	2.368695582589747
3	3.265661635657122
4	4.650482233741183
5	5.745254984603012
