step	bar
0	0.8464128076776566
1	1.3040116893616034
2	2.537607960703619
3	3.789670410859968
4	4.79459566411444
5	5.786612258878694
