step	bar
0	0.8700612612632813
1	1.7781290581187503
2	2.3606168190847607
3	3.2593894535092582
4	4.470907443263292
5	5.005896208492594
6	6.311414625003997
7	7.915273701131431
