step	bar
0	0.7557586780071215
1	1.4641884477541893
2	2.9639194311868367
3	3.486325425499571
4	4.473324071968503
