step	bar
0	0.33715927749688346
1	1.7492815290281407
