step	bar
0	0.16397275969661718
1	1.9291817842273675
2	2.8160476256711675
3	3.4199088516414533
4	4.704915017370396
