step	bar
0	0.9141372160234777
1	1.5307254343640717
2	2.1255794511667796
3	3.865287173868761
4	4.876134224298458
