step	bar
0	0.9092907032937577
1	1.266452119784316
