step	bar
0	0.9855772495169494
1	1.076730959322835
2	2.3575135913564442
3	3.698022148672914
4	4.115309970965304
