step	bar
0	0.256342595657974
1	1.9227977917930763
2	2.4666824685051143
3	3.584862711474355
4	4.634308795939615
