step	bar
0	0.010102722445240797
1	1.7176537624540076
2	2.8753426688475345
3	3.281615312656461
4	4.254633464229781
