step	foo
0	0.40878686318026114
1	1.3059805105769975
2	2.2053155714601305
3	3.5082502277828533
4	4.014244371347025
