step	foo
0	0.790725333604879
1	1.388623303356093
2	2.9692385935733188
3	3.209758285008785
4	4.730595299676677
5	5.337540175057456
