step	foo
0	0.3526193337552045
1	1.0644853522217554
