step	foo
0	0.45376405626825844
1	1.8357388153840968
2	2.400604480811877
3	3.9705064942241104
4	4.824971135230006
