step	foo
0	0.9153146338435169
1	1.9278243209943624
2	2.2671449332363824
3	3.5976889723282546
4	4.314901390276238
5	5.127750949797856
6	6.097259301954094
7	7.615034423470131
8	8.242058044756993
