step	foo
0	0.4774919760609928
1	1.1688702925063401
2	2.6812034276058148
