step	foo
0	0.25405816019270544
1	1.8018111537419346
2	2.735743274121041
3	3.7544793809286547
4	4.06362075672112
