step	foo
0	0.5668044833038449
1	1.8343882699210958
2	2.519233954774061
3	3.8892609008312364
4	4.155515256699048
