step	foo
0	0.5020524994612348
1	1.4912402313784971
2	2.1397075347841144
3	3.480335291239743
4	4.178450958136139
5	5.275604712839701
6	6.569938164150989
7	7.436541019041295
8	8.775081211339561
9	9.816494822250755
10	10.859300651108793
11	11.911721792923483
12	12.02844389303441
13	13.85264786558728
14	14.30859679378485
