step	foo
0	0.12756329522074683
1	1.4368873444241883
2	2.3649800821736426
3	3.1413290407191723
4	4.262637652360526
5	5.3588201761532135
6	6.3969897712353
7	7.809645850118716
