step	foo
0	0.913831869535619
1	1.0922652246786237
2	2.1684500765547727
3	3.5406128257796925
4	4.731727820830233
