step	foo
0	0.23436712346768873
1	1.0440134540213453
2	2.392759963705966
3	3.7119308204155277
4	4.725639928165689
5	5.14173548564287
