step	foo
0	0.5782710439283907
1	1.1686429267529683
2	2.045055589582938
3	3.6377240458422886
4	4.174539000331826
5	5.651085355528855
