step	foo
0	0.8404952650589302
1	1.5132159653983344
2	2.9215526474234164
3	3.5080369268406946
4	4.266374375041049
5	5.391036811974199
