step	foo
0	0.6004402219280542
1	1.4561475498035192
2	2.8216607631073294
3	3.1387344237297086
4	4.882339013403026
5	5.6530871713899025
