step	foo
0	0.5103319572111229
1	1.0732749072385506
2	2.8807033174295533
3	3.364114913826734
4	4.510634151970633
