step	foo
0	0.48219414908083924
1	1.123002982577801
2	2.3440227618344056
3	3.479804805976893
4	4.739043821988396
