step	foo
0	0.0638236909323644
1	1.4106974807177228
2	2.5360606544791944
3	3.620434339714592
4	4.472269773822247
