step	foo
0	0.3272777974793881
1	1.740353465092681
2	2.0659288694114704
3	3.125635379566916
4	4.787315689382437
5	5.682762148729043
