step	foo
0	0.7401307821787457
1	1.70639470976263
2	2.166822396800155
3	3.9468992740822184
4	4.1215746379342475
5	5.857394371347982
6	6.837826575900847
7	7.272357764081723
