step	foo
0	0.2814286203345957
1	1.0665665713281687
2	2.3565603473927146
3	3.0712297475508303
4	4.351581907966612
