step	foo
0	0.02157450914683412
1	1.96210900187631
2	2.602436626018499
3	3.177458664339987
4	4.050029353265665
5	5.090944234828789
