step	foo
0	0.9864058807382069
1	1.5076714376640554
2	2.1969048835221474
3	3.8015179532719885
4	4.554270734152161
5	5.612206376140638
