step	foo
0	0.5903238396329623
1	1.7796255654177688
2	2.310220349952608
3	3.105403529599556
4	4.696834558433053
