step	foo
0	0.3842121092010551
1	1.8831317332334083
2	2.789990426619778
3	3.3861769653927634
4	4.220661250513445
5	5.70984768319586
