step	foo
0	0.3570628235184795
1	1.562485983482921
2	2.673135456626716
3	3.8437927632222015
4	4.018129198372928
