step	foo
0	0.08722673389221702
1	1.9924401243767562
2	2.929964853538446
3	3.424510377716995
4	4.028011365245102
5	5.534463627014223
6	6.676213570505724
