step	foo
0	0.8745586471320395
1	1.7093831473318168
2	2.4181879838092777
3	3.462352213632197
4	4.7015595270390556
