step	foo
0	0.04392365303632095
1	1.6317080857321917
