step	foo
0	0.6552612309897363
1	1.2119999105980113
2	2.515026809210784
3	3.879181548875369
4	4.651844458784916
