step	foo
0	0.9457196747357519
1	1.9030259006255084
2	2.7318691765041483
3	3.1745064376603938
4	4.328414992106591
