step	foo
0	0.9379275314333928
1	1.932882264004436
2	2.0848968271897874
3	3.8886383973021643
4	4.571327743283376
