step	foo
0	0.7210625293547823
1	1.0203496644809307
2	2.1296209988194685
3	3.40479917006218
4	4.62850730083552
5	5.104341036036169
6	6.324347306240016
7	7.46987924522764
