step	foo
0	0.47322021271718384
1	1.6329544494121606
2	2.1313914508634086
3	3.2726559654195118
4	4.375675192564618
5	5.527418531339283
6	6.991040061499733
