step	foo
0	0.45675663020288315
1	1.7237531093371248
2	2.657685589188097
3	3.529976961658276
4	4.171148820934814
5	5.768456443127941
6	6.952366362525052
7	7.90059990640142
8	8.26913699604776
9	9.818685786659819
