step	foo
0	0.833489535141109
1	1.4618252198656392
2	2.3767079950790304
3	3.9090249636770578
4	4.416838034886393
5	5.49988855005862
6	6.785154666733171
7	7.782603305815902
