step	foo
0	0.566288353409854
1	1.8157239129401916
2	2.4863029060284654
3	3.0219529789403032
4	4.276411208440194
5	5.478866460686818
