step	foo
0	0.5060033361161426
1	1.991486753368616
2	2.798154245633078
3	3.2549669273312536
