step	foo
0	0.3199666100836944
1	1.5712570759332687
2	2.9487772266342427
