step	foo
0	0.18430454332611446
1	1.5980836658499835
2	2.6949008404771213
