step	foo
0	0.4161712282267279
1	1.8790499749976501
2	2.3296757264626655
3	3.200930078951068
4	4.070233772236838
