step	foo
0	0.5787893094449925
1	1.3271878753669606
2	2.029079391088979
3	3.49254130953484
4	4.2133875013917494
5	5.603616267635948
