step	foo
0	0.9056430818092159
1	1.9121611675890398
2	2.4368464560976486
3	3.498575677894164
4	4.948972976846909
5	5.946249142100665
