step	foo
0	0.057252432724318236
1	1.6916346241704283
2	2.84558903710972
3	3.9589208208071884
4	4.423136163638064
5	5.794939261530657
