step	foo
0	0.027057363577672633
1	1.1611143326711577
