step	foo
0	0.3416543130548423
1	1.764193910392636
2	2.5627543986087193
3	3.908115276046726
4	4.350356112127204
5	5.910693352081183
6	6.846823070697212
7	7.103814864927732
