step	foo
0	0.015179206308211679
1	1.011677068795953
2	2.0407287718918288
3	3.448458738534124
4	4.974685852585083
