step	foo
0	0.0003804972321455047
1	1.7236794785009413
2	2.1961316489191445
3	3.1031420386136737
4	4.210735574634413
5	5.479145516952888
6	6.952492908833452
7	7.933682016184225
8	8.300061209531407
9	9.688226919957957
