step	foo
0	0.669887309386308
1	1.1625533101430223
2	2.9972501332531984
3	3.566376856470307
4	4.741969760742807
