step	foo
0	0.9195948809298374
1	1.7305848037225435
2	2.180777964090552
3	3.5485634537265787
4	4.796641351518292
