step	foo
0	0.9004796104072871
1	1.3655771297165074
2	2.8690776552267163
3	3.696820951013797
4	4.160628018388597
5	5.083517127442159
6	6.270817966848709
7	7.936286548237495
