step	foo
0	0.523346262787288
1	1.6272657548689287
2	2.828339461607986
3	3.1412097307544187
