step	foo
0	0.5398468312032755
1	1.744511458862604
2	2.3279053495867172
3	3.547692074351146
4	4.871841162071471
5	5.5308862241795795
6	6.120107312134014
7	7.05460092268778
8	8.068136750535722
9	9.01596396052358
