step	foo
0	0.027980095091032053
1	1.7531108526871537
2	2.366636099043207
3	3.1539317294801013
