step	foo
0	0.13242263728501824
1	1.4544732818245052
2	2.604860595996057
3	3.0235563807278885
4	4.351471316732793
5	5.8453876799306155
6	6.457569314677262
