step	foo
0	0.623392943917275
1	1.34561455937125
2	2.8590481982087734
3	3.0199917674040875
4	4.823692208769529
