step	foo
0	0.1197857955932603
1	1.8247149351446477
2	2.536953436796227
3	3.6205476609525418
4	4.446876720923282
5	5.891208247078033
