step	foo
0	0.6089681978329831
1	1.9991938004516099
2	2.7863650482920144
3	3.833002957534223
4	4.726129901453747
5	5.908291688831962
