step	foo
0	0.6293735992073717
1	1.0746382213232213
2	2.1672302361268123
3	3.814474163299068
