step	foo
0	0.15877901392123306
1	1.0465364898970153
2	2.1024800855678256
3	3.5471893661446154
4	4.613644739009463
5	5.717439367107136
6	6.989261720502365
7	7.719899212750703
8	8.506872028762578
9	9.573376866651445
