step	foo
0	0.6674901875486803
1	1.52998842378699
2	2.142230010026359
3	3.381257114062862
4	4.485436936370342
