step	foo
0	0.16680375464712216
1	1.6547254807661784
2	2.8460167284969713
3	3.319932781943873
4	4.103372759782187
