step	foo
0	0.4048688152411095
1	1.7523089815042436
2	2.178316837586373
3	3.9144421967993477
4	4.5231330573049435
