step	foo
0	0.04182822362037919
1	1.022438076774535
2	2.2431172998654123
3	3.494221886219084
4	4.760154978355684
