step	foo
0	0.022774461462447104
1	1.517846268831077
2	2.168672447910909
3	3.0203796856266987
4	4.169690707297951
