step	foo
0	0.5272720895901216
1	1.0825259645416703
2	2.690876423480093
3	3.2367488710756955
4	4.655560412869443
5	5.7996350160709484
