step	foo
0	0.24221605863722684
1	1.0035102478813065
2	2.9355535784542006
3	3.077514962332425
4	4.794141330011592
5	5.756775606345685
