step	foo
0	0.678655271135405
1	1.969184019951446
2	2.453012267311405
3	3.485191194209124
4	4.588385847715502
