step	foo
0	0.6172142650198192
1	1.876127463325936
