step	foo
0	0.025186626619674857
1	1.4631167256047977
2	2.197613177850318
3	3.1499181942397674
4	4.199432975329604
5	5.619838470119573
6	6.440978055074432
