step	foo
0	0.4466660433901729
1	1.481781843071411
2	2.3121827393596464
3	3.510608216837651
4	4.207295666850211
