step	foo
0	0.3203407469737103
1	1.5327480995295426
2	2.421228288887129
3	3.5370444324647483
4	4.39801619939595
5	5.023109540958591
6	6.24658503989857
7	7.204477857929889
8	8.756888605748777
9	9.779103244100169
