step	foo
0	0.5432485434290834
1	1.6103843803220212
2	2.9029930690002645
3	3.8121555776369274
4	4.284662591017975
