step	foo
0	0.09411612332133978
1	1.4968267329419984
