step	foo
0	0.44043070631269565
1	1.0772220835746316
2	2.054304735717351
3	3.897984092269246
4	4.281941740754775
