step	foo
0	0.3141893512085323
1	1.8857124414149737
2	2.7911158512486116
3	3.5166112856931613
4	4.015216906275475
5	5.823508999060503
