step	foo
0	0.327552102227168
1	1.8370707035606602
2	2.5916948625312877
3	3.34344966748949
4	4.224834593307055
