step	foo
0	0.9031555402424885
1	1.7024499161400193
2	2.171464606509962
3	3.0214434019776437
4	4.042921237639735
