step	foo
0	0.2869246295896821
1	1.3734661536535557
2	2.693911274727276
3	3.4388530551260486
4	4.392370372962076
