step	foo
0	0.7189289475316872
1	1.647027356101152
2	2.7699419255051208
3	3.3221271465393873
4	4.914737830964681
5	5.3455161947033405
6	6.346228137431082
