step	foo
0	0.6990144927827615
1	1.313040132243251
2	2.5054979707662737
3	3.856133329768869
4	4.941107647816561
