step	foo
0	0.5145670826049764
1	1.952864915589363
2	2.465182653832242
3	3.5363285392605355
4	4.1458951092545675
