step	foo
0	0.33746697399667136
1	1.1151031520895862
2	2.0622093967931536
3	3.3174932288712085
4	4.5661984701492235
