step	foo
0	0.7358840252301294
1	1.0191415241767128
2	2.748116835265279
3	3.229523921842391
4	4.766080655013125
