step	foo
0	0.24330065471769202
1	1.1830772970088859
2	2.1768144203065636
3	3.9244513721912737
4	4.014722617974936
5	5.21243069839611
6	6.3439514635755865
