step	foo
0	0.7021937266755669
1	1.961783391065793
2	2.8222083270810137
3	3.529587791078031
4	4.990788927057453
5	5.818355971213108
6	6.081080631798126
7	7.289078161640306
8	8.818272808592882
9	9.437397322905511
