step	foo
0	0.7794025618410667
1	1.3502343245709967
2	2.6081190863037396
3	3.1053427479423528
4	4.964832474153153
5	5.33146691658351
