step	foo
0	0.28907360805531923
1	1.8113836936794292
2	2.5659939314587428
3	3.4043131783261122
4	4.108173069559525
