step	foo
0	0.4560281811567448
1	1.935728946464645
2	2.6418625685717334
3	3.7011652883595443
4	4.680071480773757
