step	foo
0	0.32447036808316776
1	1.4048727124839635
