step	foo
0	0.03164561004669675
1	1.8092990122995158
