step	foo
0	0.5455246699129538
1	1.5288050515238956
2	2.1917486616772335
3	3.669782939751363
4	4.056622158182816
