step	foo
0	0.25525971502884237
1	1.0649821937322235
2	2.350816091857559
3	3.6102912226396393
4	4.847453305184968
