step	foo
0	0.3731113985702579
1	1.2219239242072155
2	2.6264011033939205
3	3.1830915749985835
4	4.3722178993719805
