step	foo
0	0.2850562969688686
1	1.5404815325297005
2	2.9713313729487343
3	3.2606141624841865
4	4.787806496133295
5	5.029310173732611
