step	foo
0	0.14628760990406187
1	1.5638915656543715
2	2.5697527934576776
3	3.950468954333375
4	4.159037321018748
5	5.167280852517564
6	6.496515540735294
