step	foo
0	0.6384943009768083
1	1.7446953256978066
