step	foo
0	0.3146294294680154
1	1.5825089563500074
