step	foo
0	0.13064631564875318
1	1.6191134309631237
2	2.4543830893975973
3	3.951129583184155
4	4.241410366799519
