step	foo
0	0.8139095735462967
1	1.736328380422635
