step	foo
0	0.707097901826252
1	1.6835021726584314
2	2.4062019559212864
3	3.1219711954053837
4	4.73753851734254
