step	foo
0	0.7674529724958229
1	1.8074105101576987
2	2.3344049070417223
3	3.4909364482251397
4	4.732055042816129
