step	foo
0	0.9387362706873027
1	1.3993954072929395
2	2.5715066227345518
3	3.435403338828242
4	4.741540556271062
5	5.267460353013277
6	6.1638422877552035
7	7.752342853826081
8	8.946261293640694
9	9.503405967510139
