step	foo
0	0.9055607866810583
1	1.0428435948753996
2	2.1719445293889295
3	3.4313445212771962
4	4.446999427120859
5	5.640950305274689
6	6.066036082211352
