step	foo
0	0.6130873046703976
1	1.3794089283904636
2	2.782508239923589
3	3.5956942709027917
4	4.957341734985527
