step	foo
0	0.5917569917993173
1	1.1131569170940003
2	2.815356593151134
3	3.542549166391335
4	4.547175950901735
