step	foo
0	0.961312712803234
1	1.4594077191984542
2	2.4588373187908874
