step	foo
0	0.841333944370447
1	1.0285592328021327
2	2.530106447223063
3	3.131500938304811
4	4.343012372367499
