step	foo
0	0.6474354947448377
1	1.7833420982803374
2	2.634138811253697
3	3.036899201701755
4	4.144375022723719
