step	foo
0	0.7264212674772019
1	1.5557334819940734
2	2.982198262771807
3	3.587906225245592
4	4.94691023948686
