step	foo
0	0.42059176766225637
1	1.961341145414512
2	2.3606901315927353
3	3.7781193947055183
4	4.513298215000323
5	5.634396137540431
6	6.167661624691603
7	7.088254691021548
