step	foo
0	0.05069396094711309
1	1.9686015656021434
2	2.6205171607231037
3	3.3571965384906908
4	4.385867412488613
