step	foo
0	0.5452549045101005
1	1.922876668858665
2	2.3983514961606778
3	3.639119786344584
4	4.4316144939868805
