step	foo
0	0.1801137269338262
1	1.9713244391027962
2	2.224790891519779
3	3.633395997013949
4	4.749432959453398
