step	foo
0	0.39300344403383547
1	1.7554943443978077
2	2.3689302541769517
3	3.599299551378488
4	4.014866394435198
