step	foo
0	0.06295590779550841
1	1.9299724855587805
2	2.4415869782147923
3	3.2128176168924574
4	4.892245648134311
5	5.4816382241681945
6	6.450558258017734
7	7.1963425748736345
8	8.133591342442461
9	9.884120514864573
