step	foo
0	0.015345788567760477
1	1.5200100858507968
2	2.087434043582896
