step	foo
0	0.22009465365518655
1	1.5132359528828339
2	2.854096057178115
3	3.6218406801438965
4	4.390265217897692
5	5.462443875041053
6	6.54447916344526
7	7.555893947718353
