step	foo
0	0.20642977485247482
1	1.119685441334423
