step	foo
0	0.47086396051680157
1	1.625887399898044
2	2.7668744264342457
3	3.739134581529891
4	4.940151835987552
5	5.504575874358867
6	6.99816674327293
7	7.678774755804086
