step	foo
0	0.7641052465515055
1	1.5652921593320408
2	2.4950678644032602
3	3.747038332648456
