step	foo
0	0.04224893000012209
1	1.854582805529611
2	2.7467791456932096
3	3.1577873363743896
4	4.745317987416337
