step	foo
0	0.11851079192041669
1	1.385757197984372
2	2.7462134406060077
3	3.7742891297776695
4	4.043102832829715
5	5.870545107388335
