step	foo
0	0.09120844372230552
1	1.4442634003293686
2	2.381402945830012
3	3.838784119749015
4	4.219059430557057
