step	foo
0	0.13831915416998175
1	1.675078769094842
2	2.616780489175534
3	3.063902831493201
4	4.510002682857817
