step	foo
0	0.9591441521613979
1	1.5530564375437956
2	2.5140460436595706
3	3.8214860413702203
4	4.579688647357158
5	5.897075937773598
6	6.868017947581212
7	7.336116130663543
8	8.980017229400172
9	9.51574149188299
