step	foo
0	0.3909352151872113
1	1.6591433673800515
2	2.3170123753734106
3	3.880090968962305
4	4.009508502281866
5	5.282671674585846
6	6.680598578655393
7	7.249902772779038
8	8.077081134883793
9	9.822267959088496
