step	foo
0	0.5939940930869374
1	1.5275669975696995
2	2.107040489230111
3	3.432135557195683
4	4.884269294356824
5	5.289889862481071
6	6.504175428033787
7	7.349754455985211
