step	foo
0	0.17288336087912426
1	1.198480479764057
2	2.319523905765844
3	3.182193330803777
4	4.781816526618184
