step	foo
0	0.4564812404947034
1	1.120743253578484
