step	foo
0	0.852696551756973
1	1.8252920113915048
2	2.474179280841182
3	3.8982445574571045
4	4.626821719642894
