step	foo
0	0.4697362619425064
1	1.1691320892329853
2	2.2249366703844675
3	3.5942662838776607
4	4.453283042772468
