step	foo
0	0.1061259703689752
1	1.1803998599903918
2	2.266781840614852
3	3.004998830913247
4	4.552154485593073
5	5.394423664358427
