step	foo
0	0.009796999678227891
1	1.014271127168434
