step	foo
0	0.8987600612446366
1	1.485509919883386
2	2.4295151500250407
3	3.223115072891544
4	4.122815060880955
