step	foo
0	0.6596700667064446
1	1.682267934498284
