step	foo
0	0.5378844806318054
1	1.4604933870722485
2	2.7533798342005205
3	3.732832308244274
4	4.388381210929431
5	5.012079911126648
