step	foo
0	0.3248749646902387
1	1.740680407808826
2	2.49961203872141
3	3.2659877535830706
4	4.023590075020034
