step	foo
0	0.7355775967498046
1	1.436042245737168
2	2.2978895384432008
3	3.4290541621843253
4	4.859296006020704
