step	foo
0	0.3295072162829752
1	1.7505952391437416
2	2.2423529685051022
