step	foo
0	0.8411017801436453
1	1.7288723188604265
2	2.4616107517249897
