step	foo
0	0.2575364741101789
1	1.6119837589378778
2	2.835919100478267
3	3.7353575358571756
4	4.868857791832416
