step	foo
0	0.6398595221428114
1	1.5063113431358173
